Name,Company,Level Audition,Re-Evaluation,note,ep1,ep1.5,ep2,ep3,ep5,ep6,ep8,ep10,ep11
Miyawaki Sakura,HKT48,A,A,,1,5,5,3,-,-,-,-
Ahn Yujin,Starship,B,A,,2,2,2,2,-,-,-,-
Jang Wonyoung,Starship,B,B,,3,3,4,4,-,-,-,-
Matsui Jurina,SKE48,B,B,,4,11,12,12,-,-,-,-
Lee Kaeun,Pledis,A,A,,5,1,1,1,-,-,-,-
Jang Gyuri,Stone Music,B,F,,6,14,14,14,-,-,-,-
Choi Yena,Yuehua,A,B,,7,6,6,7,-,-,-,-
Shiroma Miru,NMB48,B,D,,9,23,22,13,-,-,-,-
Jo Yuri,Stone Music,A,F,,10,18,19,18,-,-,-,-
Wang Yiren,Yuahua,B,C,,11,7,7,9,-,-,-,-
Kojima Mako,AKB48,C,B,,12,22,23,25,-,-,-,-
Kim Minju,Urban Works,D,C,,13,17,17,19,-,-,-,-
Yabuki Nako,HK48,F,A,,14,28,27,16,-,-,-,-
Kim Sihyun,Yuehua,B,A,,15,13,13,17,-,-,-,-
Goto Moe,AKB48,F,C,,16,9,8,6,-,-,-,-
Miyazaki Miho,AKB48,D,D,,17,19,16,15,-,-,-,-
Bae Eunyoung,Stone Music,C,B,,18,27,30,3,-,-,-,-
Heo Yunjin,Pledis,C,F,,19,15,15,21,-,-,-,-
Takahashi Juri,AKB48,B,A,,20,33,29,20,-,-,-,-
Kim Chaewon,Woolim,B,B,,21,20,21,30,-,-,-,-
Nakanishi Chiyori,AKB48,D,C,,22,38,37,40,-,-,-,-
Mutu Tomu,AKB48,D,D,,23,29,28,32,-,-,-,-
Go Yujin,BlockBerry Creative,C,A,,24,30,34,26,-,-,-,-
Kwon Eunbi,Woolim,A,C,,25,4,3,5,-,-,-,-
Asai Nanami,AKB48,F,D,,26,41,41,42,-,-,-,-
Chiba Erii,AKB48,F,F,,27,40,38,23,-,-,-,-
Murakawa Bibian,HKT48,F,F,,28,31,31,29,-,-,-,-
Lee Chaeyeon,WM Ent.,A,A,,29,10,10,10,-,-,-,-
Honda Hitomi,AKB48,C,A,,30,46,47,22,-,-,-,-
Kim Doah,FENT,A,C,,31,25,25,31,-,-,-,-
Murase Sae,NMB48,D,C,,32,44,43,45,-,-,-,-
Lee Yujeong,CNC,C,C,,33,45,48,-,-,-,-,-
Park Seoyoung,Individual Trainee,C,D,,34,24,26,35,-,-,-,-
Matsuoka Natsumi,HKT48,F,C,,35,55,55,52,-,-,-,-
Na Goeun,RBW,A,A,,36,21,20,28,-,-,-,-
Motomura Aoi,HKT48,D,B,,37,43,42,36,-,-,-,-
Kang Hyewon,8D Creative,F,F,,38,39,40,41,-,-,-,-
Takeuchi Miyu,AKB48,A,B,,39,12,11,8,-,-,-,-
Yoon Haesol,Music Works,B,D,,40,49,50,56,-,-,-,-
Shitao Miu,AKB48,D,D,,41,50,45,39,-,-,-,-
Shin Suhyun,FAVE,D,F,,42,54,57,62,-,-,-,-
Nakano Ikumi,AKB48,D,B,,43,53,53,50,-,-,-,-
Mogi Shinobu,AKB48,F,D,,44,59,59,55,-,-,-,-
Yamada Noe,NGT48,C,F,,45,8,9,11,-,-,-,-
Iwatate Saho,AKB48,B,D,,46,26,24,24,-,-,-,-
Choi Yeonsoo,YG K-Plus,D,F,,47,51,52,57,-,-,-,-
Kim Sohee,Woolim,C,B,,48,42,44,48,-,-,-,-
Park Minji,MND17,B,B,,49,57,56,60,-,-,-,-
Aramaki Misaki,HKT48,F,F,,50,65,61,66,-,-,-,-
Lee Haeun,MNH,A,A,,51,58,58,33,,-,-,-
Park Jinny,Individual Trainee,C,F,,52,48,49,61,-,-,-,-
Imada Mina,HKT48,D,C,,53,64,64,67,-,-,-,-
Yoon Eunbin,CNC,B,B,,54,68,68,65,-,-,-,-
Kim Nayoung,Banana Culture,C,A,,55,62,63,58,-,-,-,-
Oda Erina,AKB48,C,F,,56,66,67,69,-,-,-,-
Sato Minami,AKB48,D,F,,57,67,66,59,-,-,-,-
Kim Suyun,Woolim,C,C,,58,52,51,54,-,-,-,-
Park Haeyoon,FNC,A,D,,59,36,35,43,-,-,-,-
Kim Dayeon,CNC,B,B,,60,63,65,70,-,-,-,-
Hasegawa Rena,NGT48,D,F,,61,56,54,63,-,-,-,-
Kim Minseo,HOW,C,C,,62,37,37,47,-,-,-,-
Tanaka Miku,HKT48,F,C,,63,71,71,72,-,-,-,-
Han Chowon,CUBE,D,B,,64,76,79,88,-,-,-,-
Cho Kahyun,Starship,B,B,,65,35,36,38,-,-,-,-
Lee Seunghyun,WM Ent.,B,C,,66,60,60,68,-,-,-,-
Kim Hyunah,Collazoo Company,B,B,,67,72,72,64,-,-,-,-
Kim Choyeon,A Team,A,C,,68,78,75,37,-,-,-,-
Asai Yuka,SKE48,F,D,,69,79,80,83,-,-,-,-
Kang Damin,Wellmade Yedang,B,A,,70,73,74,75,-,-,-,-
Kato Yuuka,NMB48,C,B,,71,74,73,73,-,-,-,-
Nagano Serika,AKB48,F,F,,72,85,81,76,-,-,-,-
Kurihara Sae,HKT48,F,D,,73,86,84,81,-,-,-,-
Cho Youngin,WM Ent.,B,C,,74,61,62,74,-,-,-,-
Naiki Kokoro,NMB48,D,C,,75,86,81,82,-,-,-,-
Hong Yeji,CNC,B,F,,76,80,76,80,-,-,-,-
Park Jieun,RBW,C,F,,77,69,70,79,-,-,-,-
Tsukiahi Amane,HKT48,F,F,Withdrew,78,93,91,-,-,-,-,-
Ichikawa Minami,AKB48,F,C,,79,81,83,87,-,-,-,-
Kim Dahye,Banana Culture,A,B,,80,92,89,78,-,-,-,-
Won Seoyeon,MMO,C,F,,81,75,77,90,-,-,-,-
Ahn Yewon,YG K-Plus,F,?,,82,83,88,84,-,-,-,-
Cho Ahyoung,AKB48,C,B,,83,77,78,86,-,-,-,-
Shinozaki Ayana,AKB48,F,F,,84,88,87,77,-,-,-,-
Park Chanju,MND17,C,D,,85,70,69,71,-,-,-,-
Yu Minyoung,HOW Ent.,A,B,,86,34,32,46,-,-,-,-
Choi Soeun,Music Works,B,C,,87,90,92,89,-,-,-,-
Alex Christine,ZB Label,B,C,,88,84,86,85,-,-,-,-
Cho Sarang,Million Market,B,F,,89,89,90,91,-,-,-,-
Kim Yubin,CNC,B,D,,90,91,93,93,-,-,-,-
Hwang Soyeon,Wellmade Yedang,A,A,,91,47,46,51,-,-,-,-
Wang Ke,HOW Ent.,B,D,,92,32,33,44,-,-,-,-
Uemura Azusa,NMB48,F,?,Withdrew,93,96,96,-,-,-,-,-
Umeyama Cocona,NMB48,F,?,Withdrew,94,95,95,-,-,-,-,-
Son Eunchae,Million Market,C,B,,95,82,85,53,-,-,-,-
Lee Chaejeong,MND17,C,C,,96,94,94,92,-,-,-,-
